Daily commit Mon Oct 27 11:29:59 UTC 2025
Daily commit Tue Oct 28 09:23:38 UTC 2025
Daily commit Wed Oct 29 09:22:49 UTC 2025
Daily commit Thu Oct 30 09:23:43 UTC 2025
Daily commit Fri Oct 31 09:23:31 UTC 2025
Daily commit Sat Nov  1 09:19:53 UTC 2025
Daily commit Sun Nov  2 09:18:43 UTC 2025
Daily commit Mon Nov  3 09:26:46 UTC 2025
Daily commit Tue Nov  4 09:24:46 UTC 2025
Daily commit Wed Nov  5 09:24:50 UTC 2025
Daily commit Thu Nov  6 09:24:12 UTC 2025
Daily commit Fri Nov  7 09:22:53 UTC 2025
Daily commit Sat Nov  8 09:19:34 UTC 2025
Daily commit Sun Nov  9 09:19:16 UTC 2025
Daily commit Mon Nov 10 09:26:39 UTC 2025
Daily commit Tue Nov 11 09:24:19 UTC 2025
Daily commit Wed Nov 12 09:24:15 UTC 2025
Daily commit Thu Nov 13 09:25:30 UTC 2025
Daily commit Fri Nov 14 09:24:16 UTC 2025
Daily commit Sat Nov 15 09:19:55 UTC 2025
Daily commit Sun Nov 16 09:20:22 UTC 2025
Daily commit Mon Nov 17 09:27:20 UTC 2025
Daily commit Tue Nov 18 09:25:11 UTC 2025
Daily commit Wed Nov 19 09:25:20 UTC 2025
Daily commit Thu Nov 20 09:23:48 UTC 2025
Daily commit Fri Nov 21 09:23:04 UTC 2025
Daily commit Sat Nov 22 09:20:18 UTC 2025
Daily commit Sun Nov 23 09:20:29 UTC 2025
Daily commit Mon Nov 24 09:27:57 UTC 2025
Daily commit Tue Nov 25 09:26:23 UTC 2025
Daily commit Wed Nov 26 09:25:55 UTC 2025
Daily commit Thu Nov 27 09:25:35 UTC 2025
Daily commit Fri Nov 28 09:23:35 UTC 2025
Daily commit Sat Nov 29 09:21:44 UTC 2025
Daily commit Sun Nov 30 09:20:43 UTC 2025
Daily commit Mon Dec  1 09:31:32 UTC 2025
Daily commit Tue Dec  2 09:28:52 UTC 2025
Daily commit Wed Dec  3 09:26:53 UTC 2025
Daily commit Thu Dec  4 09:27:12 UTC 2025
Daily commit Fri Dec  5 09:24:23 UTC 2025
Daily commit Sat Dec  6 09:21:28 UTC 2025
Daily commit Sun Dec  7 09:20:55 UTC 2025
Daily commit Mon Dec  8 09:31:00 UTC 2025
Daily commit Tue Dec  9 09:26:53 UTC 2025
Daily commit Wed Dec 10 09:27:32 UTC 2025
Daily commit Thu Dec 11 09:28:20 UTC 2025
Daily commit Fri Dec 12 09:27:15 UTC 2025
Daily commit Sat Dec 13 09:21:35 UTC 2025
Daily commit Sun Dec 14 09:22:21 UTC 2025
Daily commit Mon Dec 15 09:34:59 UTC 2025
Daily commit Tue Dec 16 09:28:52 UTC 2025
Daily commit Wed Dec 17 09:30:39 UTC 2025
Daily commit Thu Dec 18 09:29:34 UTC 2025
Daily commit Fri Dec 19 09:26:56 UTC 2025
Daily commit Sat Dec 20 09:22:26 UTC 2025
Daily commit Sun Dec 21 09:22:35 UTC 2025
